<?xml version="1.0" encoding="utf-8"?>

<feed xmlns="http://www.w3.org/2005/Atom" >
  <generator uri="https://jekyllrb.com/" version="4.3.2">Jekyll</generator>
  <link href="https://www.brautmoden-melanie.de/feed.xml" rel="self" type="application/atom+xml" />
  <link href="https://www.brautmoden-melanie.de/" rel="alternate" type="text/html" />
  <updated>2023-04-11T22:13:41+02:00</updated>
  <id>https://www.brautmoden-melanie.de/</id>

  
    <title type="html">Brautmoden Melanie</title>
  

  
    <subtitle>Brautmoden Melanie. Der Brautmodenladen der besonderen Art. Bei uns bekommen Sie alles aus einer Hand. Haben Sie ihr Traumkleid gefunden, ändern unsere SchneiderInnen ihr Brautkleid passgenau ab.</subtitle>
  

  

  
  
    <entry>
      <title type="html">Auswahl</title>
      <link href="https://www.brautmoden-melanie.de/" rel="alternate" type="text/html" title="Auswahl" />
      <published>2023-01-06T00:00:00+01:00</published>
      <updated>2023-01-06T00:00:00+01:00</updated>
      <id>https://www.brautmoden-melanie.de/auswahl</id>
      <content type="html" xml:base="https://www.brautmoden-melanie.de/"></content>

      
      
      
      
      

      <author>
          <name></name>
        
        
      </author>

      

      

      
        <summary type="html"></summary>
      

      
      
    </entry>
  
    <entry>
      <title type="html">Service</title>
      <link href="https://www.brautmoden-melanie.de/" rel="alternate" type="text/html" title="Service" />
      <published>2023-01-05T00:00:00+01:00</published>
      <updated>2023-01-05T00:00:00+01:00</updated>
      <id>https://www.brautmoden-melanie.de/service</id>
      <content type="html" xml:base="https://www.brautmoden-melanie.de/"></content>

      
      
      
      
      

      <author>
          <name></name>
        
        
      </author>

      

      

      
        <summary type="html"></summary>
      

      
      
    </entry>
  
    <entry>
      <title type="html">Beratung</title>
      <link href="https://www.brautmoden-melanie.de/" rel="alternate" type="text/html" title="Beratung" />
      <published>2023-01-04T00:00:00+01:00</published>
      <updated>2023-01-04T00:00:00+01:00</updated>
      <id>https://www.brautmoden-melanie.de/beratung</id>
      <content type="html" xml:base="https://www.brautmoden-melanie.de/"></content>

      
      
      
      
      

      <author>
          <name></name>
        
        
      </author>

      

      

      
        <summary type="html"></summary>
      

      
      
    </entry>
  
    <entry>
      <title type="html">Accessoires</title>
      <link href="https://www.brautmoden-melanie.de/" rel="alternate" type="text/html" title="Accessoires" />
      <published>2023-01-03T00:00:00+01:00</published>
      <updated>2023-01-03T00:00:00+01:00</updated>
      <id>https://www.brautmoden-melanie.de/accessoires</id>
      <content type="html" xml:base="https://www.brautmoden-melanie.de/"></content>

      
      
      
      
      

      <author>
          <name></name>
        
        
      </author>

      

      

      
        <summary type="html"></summary>
      

      
      
    </entry>
  
    <entry>
      <title type="html">Budget</title>
      <link href="https://www.brautmoden-melanie.de/" rel="alternate" type="text/html" title="Budget" />
      <published>2023-01-02T00:00:00+01:00</published>
      <updated>2023-01-02T00:00:00+01:00</updated>
      <id>https://www.brautmoden-melanie.de/budget</id>
      <content type="html" xml:base="https://www.brautmoden-melanie.de/"></content>

      
      
      
      
      

      <author>
          <name></name>
        
        
      </author>

      

      

      
        <summary type="html"></summary>
      

      
      
    </entry>
  
    <entry>
      <title type="html">Hersteller</title>
      <link href="https://www.brautmoden-melanie.de/" rel="alternate" type="text/html" title="Hersteller" />
      <published>2023-01-01T00:00:00+01:00</published>
      <updated>2023-01-01T00:00:00+01:00</updated>
      <id>https://www.brautmoden-melanie.de/hersteller</id>
      <content type="html" xml:base="https://www.brautmoden-melanie.de/"></content>

      
      
      
      
      

      <author>
          <name></name>
        
        
      </author>

      

      

      
        <summary type="html"></summary>
      

      
      
    </entry>
  
</feed>
